offset,seed,boots
0,30C8,20
1,30C8,1
2,3038,1
3,52C6,1
4,9D25,1
5,E760,1
6,2E94,1
7,767B,1
8,BE8F,1
9,5C01,1
10,7BA4,1
11,B8B8,1
12,0108,1
13,4086,1
14,89D5,1
15,D318,1
16,FBD3,1
17,0EEF,1
18,582A,1
19,A089,1
20,E9C9,1
21,3308,1
22,7C3F,1
23,C1A0,1
24,0EC8,1
25,57FF,1
26,A13F,1
27,D055,1
28,1A39,1
29,6210,1
30,AC14,1
31,9F9E,1
32,E758,1
33,3663,1
34,802E,1
35,C686,1
36,080E,1
37,465B,1
38,8666,1
39,D968,1
40,2323,1
41,6B4C,1
42,B452,1
43,E35A,1
44,2C50,1
45,CA1F,1
46,1414,1
47,5A06,1
48,A05C,1
49,E0C0,1
50,09C3,1
51,C8F0,1
52,C8F0,1
53,E4A0,1
54,33D9,1
55,7B73,1
56,C5A9,1
57,0D98,1
58,5788,1
59,A15D,1
60,EAEA,1
61,5D90,1
62,7CAF,1
63,C71B,1
64,6482,1
65,ADC7,1
66,F802,1
67,3AEF,1
68,7A63,1
69,EF18,1
70,0FF2,1
71,0FF2,1
72,5A56,1
73,A1E6,1
74,EC32,1
75,34D9,1
76,7EA0,1
77,C7C6,1
78,3BB4,1
79,5E47,1
80,A3FA,1
81,EE50,1
82,361E,1
83,D582,1
84,1FC9,1
85,6708,1
86,D3F8,2
87,EE7A,1
88,38E2,1
89,8079,1
90,8079,1
91,CAAF,1
92,1360,1
93,5D1E,1
94,A81B,1
95,18C9,1
96,377E,1
97,81D6,1
98,C4BA,1
99,13B2,1
100,5B88,1
101,A58E,1
102,451E,1
103,B1D6,1
104,D278,1
105,1B88,1
106,58DE,1
107,A165,1
108,EB47,1
109,EB47,1
110,33F3,1
111,7CE6,1
112,C559,1
113,03A5,1
114,4555,1
115,8E38,1
116,D768,1
117,276B,1
118,6A47,1
119,B7CD,1
120,01AC,1
121,9E4B,1
122,E800,1
123,3103,1
124,7A15,1
125,9A50,1
126,C8BE,1
127,0822,1
128,0822,1
129,5B94,1
130,0161,1
131,3A46,1
132,85C0,1
133,CE53,1
134,1799,1
135,60F6,1
136,AADE,1
137,F408,1
138,3CAF,1
139,7E8F,1
140,0FB0,1
141,8F8D,1
142,B971,1
143,0730,1
144,4495,1
145,8D01,1
146,D671,1
147,D671,1
148,1FB0,1
149,694A,1
150,B011,1
151,DCA8,1
152,260F,1
154,B80D,1
155,34AA,1
156,4C30,1
157,958A,1
158,DA42,1
159,7BEB,1
160,C528,1
161,0E89,1
162,57B7,1
163,75AB,1
164,A59A,1
165,ED92,1
166,ED92,1
167,365D,1
168,E921,1
169,1BC4,1
170,63BA,1
171,AC25,1
172,F5A2,1
173,3A63,1
174,8864,1
175,EB54,1
176,1AFB,1
177,6406,1
178,029E,1
179,4BB9,1
180,B02C,1
181,DDEE,1
182,1E63,1
183,6BE5,1
184,B0F5,1
185,B0F5,1
186,F7EF,1
187,43F0,1
188,8126,1
189,D2DC,1
190,147F,1
191,55F0,1
192,9B77,1
193,E4D3,1
194,66C1,3
195,99B1,1
196,E2CE,1
197,8043,3
198,C97B,1
199,11AE,1
200,57BA,1
201,970B,1
202,B734,1
203,0CA8,1
204,0CA8,1
205,521C,1
206,9B88,1
207,1E8C,1
208,4310,1
209,8C37,1
210,D5DC,1
211,1E59,1
212,672D,1
213,B061,1
214,FB31,1
215,4236,1
216,B1E9,1
217,F5DA,1
218,4372,1
219,8EEE,1
220,C9A9,1
221,1273,1
222,5C3E,1
223,5C3E,1
224,A4E8,1
225,EE25,1
226,37FE,1
227,809B,1
228,C9F3,1
229,F5AB,1
230,1F9C,1
231,68AC,1
232,3645,1
233,46F7,1
234,94E2,1
235,31F3,1
236,7BF7,1
237,C478,1
238,0E85,1
239,4BC6,1
240,8CF4,1
241,CB2C,1
242,CB2C,1
243,1406,1
244,5D83,1
245,F37B,1
246,296B,1
247,728C,1
248,B7B6,1
249,056F,1
250,4D9E,1
251,978C,1
252,E01E,1
253,2A03,1
254,B969,1
255,F822,1
256,40E1,1
257,B362,1
258,E6D3,1
259,2E90,1
260,7760,1
261,7760,1
262,C0AE,1
263,0569,1
264,53C5,1
265,9C62,1
266,E5AE,14
267,13CC,1
268,207D,1
269,6A0F,1
270,B128,1
271,621A,1
272,94D5,1
273,33EF,1
274,7C3B,1
275,C224,1
276,2323,1
277,47A2,1
278,9559,1
279,DF1A,1
280,DF1A,1
281,279D,1
282,7101,1
283,BA44,1
284,208B,1
285,50A7,1
286,99BE,1
287,E292,1
288,2C21,1
289,75BC,1
290,BC80,1
291,04EE,1
292,9645,1
293,D84B,1
294,211E,1
295,6A60,1
296,E01D,1
297,0C1E,1
298,5536,1
299,5536,1
300,9DF3,1
301,E797,1
302,3125,1
303,8F18,1
304,C248,1
305,0B65,1
306,34CF,1
307,7E49,1
308,C2CC,1
309,1046,1
310,97E9,1
311,1078,1
312,59E1,1
313,A282,1
314,EB7F,1
315,2870,1
316,7239,1
317,BAFA,1
318,BAFA,1
319,FD7A,1
320,3A3A,1
321,8326,1
322,CC5C,1
323,1118,1
324,5ECF,1
325,A803,3
326,F1E4,1
327,3A83,1
328,83DF,1
329,CD89,1
330,4DB4,1
331,7A7A,1
332,C39A,1
333,0C1A,1
334,B198,1
335,E2D7,1
336,2F7D,1
337,2F7D,1
338,6BDF,1
339,C530,1
340,0B17,1
341,547C,1
342,A205,1
343,E7CF,1
344,289A,1
345,6A2C,1
346,AFA1,1
347,F914,1
348,6D47,1
349,FC19,1
350,476D,1
351,8EA9,1
352,CC8D,1
353,1714,1
354,649C,1
355,AA30,1
356,AA30,1
357,D6C6,1
358,2394,1
359,692A,1
360,B29B,1
361,3215,1
362,5D13,1
363,A645,3
364,F129,1
365,3807,1
366,814E,1
367,AD31,1
368,4A86,1
369,7A2A,1
370,A4B9,1
371,ED39,1
372,2C5D,1
373,D2AF,1
374,0DB2,1
375,0DB2,1
376,56C8,1
377,A0AD,1
378,E947,1
379,3367,1
380,8BDC,1
381,C532,1
382,0E4E,1
383,5373,1
384,A175,1
385,EA05,1
386,33CA,1
387,D481,1
388,1E1D,1
389,66DB,1
390,B011,3
391,EE22,1
392,380D,1
393,817B,1
394,817B,1
395,C9E1,1
396,0BA3,1
397,49E6,1
398,897D,1
399,DC78,1
400,560E,1
401,8A15,1
402,D33A,1
403,1C4D,1
404,65A2,3
405,AEEE,1
406,4E8C,1
407,970C,1
408,C020,1
409,08BD,1
410,46D4,1
411,C33F,1
412,E0B7,1
413,E0B7,1
414,2E55,1
415,780F,1
416,C07E,1
417,0968,1
418,52B2,1
419,9C75,1
420,E532,1
421,2637,1
422,659E,1
423,AD4A,1
424,F6D5,1
425,94BE,1
426,DDFB,1
427,235E,1
428,7083,1
429,AE08,1
430,F7BD,1
431,407A,1
432,407A,1
433,89D3,1
434,B725,1
435,E6A0,1
436,2F87,1
437,77E2,1
438,2A56,1
439,5B1A,1
440,A816,3
441,F40E,1
442,3808,1
443,75A6,1
444,2245,1
445,6947,1
446,AAE7,1
447,EA93,1
448,27AF,1
449,7122,1
450,E1F7,1
451,E1F7,1
452,1DB1,1
453,61FA,1
454,BBC2,1
455,F5D5,1
456,3D28,1
457,94A4,1
458,C83D,1
459,1B16,1
460,47D1,1
461,9F67,1
462,DB86,1
463,86CD,1
464,BED7,1
465,0815,1
466,5196,1
467,8E8A,1
468,D863,1
469,2112,1
470,2112,1
471,69ED,1
472,B271,1
473,DC8D,1
474,D42B,1
475,1D99,1
476,657D,3
477,9F7B,1
478,8319,1
479,CC26,1
480,161A,1
481,6959,1
482,1556,1
483,48DB,1
484,90AB,1
485,DA04,1
486,1747,1
487,5B84,1
488,A891,1
489,A891,1
490,0C25,1
491,3904,1
492,81F9,1
493,CC78,1
494,1477,1
495,5DB2,1
496,A6F7,3
497,F0D4,1
498,4437,1
499,625C,1
500,9FA7,1
501,81DF,1
502,B0F7,1
503,FECA,1
504,47D2,1
505,8437,1
506,CE68,1
507,166F,1
508,166F,1
509,7B1F,1
510,AA72,1
511,F261,1
512,3BB0,1
513,84BF,1
514,CEE7,1
515,4719,1
516,6645,3
517,AF45,1
518,F452,1
519,4185,1
520,DFD4,1
521,294D,1
522,725D,1
523,0179,1
524,5662,1
525,2E28,1
526,7759,1
527,7759,1
528,C1CA,1
529,0A3A,1
530,531A,1
531,9CEF,1
532,E594,1
533,2A6A,1
534,78A0,1
535,C15B,1
536,0AB6,1
537,336C,1
538,62F8,1
539,FEF8,1
540,A959,1
541,E1F4,1
542,2C61,1
543,6BB8,1
544,B438,1
545,FD81,1
546,FD81,1
547,476F,1
548,84A3,1
549,D942,1
550,1AF7,1
551,590D,1
552,A1F2,1
553,EB3F,1
554,67C5,1
555,900A,1
556,D926,1
557,21EF,1
558,C0C6,1
559,0694,1
560,4F04,1
561,9839,1
562,B849,1
563,062A,1
564,4EE5,1
565,4EE5,1
566,9815,1
567,1952,1
568,4FB1,1
569,98CD,1
570,E283,1
571,2B16,1
572,73EA,1
573,BD8C,1
574,E939,1
575,2FEA,1
576,5CD0,1
577,DAA5,1
578,2666,1
579,DC3D,1
580,0C76,1
581,4946,1
582,9217,1
583,DB9B,1
584,DB9B,1
585,2533,1
586,8DA3,1
587,B7B2,1
588,00C3,1
589,4B1D,1
591,DA44,1
592,4698,1
593,680D,1
594,B5F2,1
595,0179,1
596,9F00,1
597,E84F,1
598,329E,1
599,7733,1
600,ADCF,1
601,CF98,1
602,16D7,1
603,16D7,1
604,C435,1
605,02D3,1
606,32BE,1
607,7BC3,1
608,BEB2,1
609,0F94,1
610,5772,1
611,A0A2,1
612,EC0B,1
613,311B,1
614,59A6,1
615,D599,1
616,1E7C,2
617,B4A5,1
618,E43A,1
619,1FCD,1
620,6839,1
621,B12D,1
622,B12D,1
623,F5CF,1
624,441F,1
625,8CD7,1
626,D586,1
627,E192,1
628,1F29,1
629,66F3,1
630,B154,1
631,1DD5,1
632,62B8,1
633,ABF5,1
634,49B5,1
635,9391,1
636,DC37,1
637,2122,1
638,636D,1
639,7272,1
640,9D74,1
641,9D74,1
642,E56E,1
643,2EDA,1
644,D1A3,1
645,0A94,1
646,5656,1
647,9F1D,1
648,E62C,1
649,326D,1
650,7ADB,1
651,C409,1
652,0D5D,1
653,979A,1
654,E069,1
655,2A2F,1
656,B989,1
657,ECE1,1
658,3622,1
659,7FBD,1
660,7FBD,1
661,C7E8,1
662,11D5,1
664,A59F,2
665,ED42,2
666,40AB,1
667,687C,1
668,AA1C,1
669,FAA6,1
670,9A2B,2
671,CD24,2
672,6C28,1
673,B486,1
674,FDB2,1
675,46F9,1
676,8454,1
677,CD28,1
678,FBF9,1
679,FBF9,1
680,2554,1
681,6E5F,1
682,F603,1
683,2B79,1
684,793F,1
685,C274,1
686,0C49,1
687,694F,1
688,9E92,1
689,F81F,1
690,31AF,1
691,CF2C,1
692,1849,1
693,62BD,1
694,BC6D,1
695,ECCB,1
696,34B3,1
697,796D,1
698,796D,1
699,C73A,1
700,106F,1
701,59BD,1
702,A30D,1
703,ECCD,1
704,5B05,1
705,90A2,1
706,D9E0,1
707,239C,1
708,6373,1
709,9D7C,1
710,3B1F,1
711,83A1,1
712,C92B,1
713,1622,3
714,531A,1
715,9C55,1
716,DE0E,1
717,DE0E,1
718,1C60,1
719,652B,1
720,AEF1,1
721,3292,1
722,5662,1
723,9F7B,1
724,EA8F,1
725,313A,1
726,7A81,1
727,C435,1
728,0866,1
729,A46F,1
730,E153,1
731,2A13,1
732,7364,1
733,B0DE,1
734,FA10,1
735,434A,1
736,434A,1
737,8D13,1
738,D5E3,1
739,1FDF,1
740,683E,1
741,B182,1
742,FADF,1
743,244B,1
744,57B4,1
745,A025,1
746,E981,1
747,9650,1
748,21BD,1
749,6B5E,1
750,B237,1
751,FCF8,1
752,3DD1,1
753,85A3,1
754,CE05,1
755,CE05,1
756,1193,1
757,4DEB,1
758,8B75,1
759,E093,1
760,4EFC,1
761,8BDB,1
762,D4F5,3
763,1FDA,1
764,676A,1
765,B0C4,1
766,FC45,1
767,9712,1
768,C7A2,1
769,0F41,1
770,5801,1
771,CC00,1
772,F694,1
773,4320,1
774,4320,1
775,8C4F,1
776,D47F,1
777,1E79,1
778,66F2,1
779,B15C,1
780,F972,1
781,26E6,1
782,55C2,1
783,9ED9,1
784,E7B1,1
785,7264,1
786,FE04,1
787,435D,1
788,900C,1
789,E293,1
790,15E2,1
791,73C6,1
792,A88A,1
793,A88A,1
794,F1A6,1
795,3B44,1
796,849A,1
797,CD73,1
798,2E46,1
799,620E,1
800,AA22,1
801,F3DF,1
802,3C02,1
803,7EEA,1
804,CF0B,1
805,6CAA,1
806,C84C,1
807,0846,1
808,5168,1
809,8FF3,1
810,DCA0,1
811,208A,1
812,208A,1
813,6895,1
814,B1DC,1
815,FAAB,1
816,4321,1
817,A10A,1
818,D1E2,1
819,1F91,1
820,48C5,1
821,918D,1
822,D9E8,1
823,233C,1
824,D677,1
825,1F88,1
826,6925,3
827,B164,1
828,EF3C,1
829,37E9,1
830,80DB,1
831,80DB,1
832,C944,1
833,07A8,1
834,494E,1
835,A680,1
836,FBC8,1
1069,A630,2
1104,A5C1,2
1750,A72C,2
1883,6599,2
